{
  "camera_intrinsic": [
    [
      3355.4917565003857,
      0.0,
      1377.7799155181601
    ],
    [
      0.0,
      3356.0082164407086,
      919.5225720976714
    ],
    [
      0.0,
      0.0,
      1.0
    ]
  ],
  "camera_dist": [
    [
      -0.08113432089675385,
      0.19048256740576516,
      0.0007216883067548812,
      0.000499569108556497,
      -0.19957283042805657
    ]
  ]
}