{
  "camera_intrinsic": [
    [
      4435.492618910042,
      0.0,
      1977.386881095976
    ],
    [
      0.0,
      4435.388517880588,
      1553.8312404551918
    ],
    [
      0.0,
      0.0,
      1.0
    ]
  ],
  "camera_dist": [
    [
      -0.07506649436566905,
      0.38084048975586776,
      -0.00021738734032770082,
      0.00028061504726652447,
      -1.5935369094465461
    ]
  ]
}